title,price,popular
ＮＨＫラジオ ラジオビジネス英語 2021年 4月号 ［雑誌］ (NHKテキスト),459,6
TOEFLテストリーディング問題270 4訂版,"1,062",22
TOEFL iBTテスト本番模試（音声ＤＬ付）,"1,414",3
TOEFLテストリスニング問題190 4訂版（音声ＤＬ付）,"1,210",10
TOEFL ITPテストリスニング問題攻略（音声ＤＬ付）,"1,161",13
TOEFL ITPテストリーディング問題攻略,"1,012",13
[音声DL付]完全攻略！ TOEFL iBT(R) テスト リーディング　リスニング 完全攻略！　TOEFL iBTシリーズ,"2,356",24
［第2版］Python機械学習プログラミング 達人データサイエンティストによる理論と実践 impress top gearシリーズ,"3,960",61
シスコ技術者認定教科書 CCNA 完全合格テキスト＆問題集［対応試験］200 -301,"3,841",30
Cisco試験対策 Cisco CCNA問題集 ［200-301 CCNA］対応,"3,762",3
さわって学ぶクラウドインフラ　docker基礎からのコンテナ構築,"2,673",36
キタミ式イラストIT塾 基本情報技術者 令和03年,"2,310",62
TOEFLテスト英熟語700 4訂版（音声ＤＬ付）,"1,815",20
徹底攻略 基本情報技術者の午後対策 Python編 徹底攻略シリーズ,"2,404",20
TOEFL(R)TEST必ず☆でる単スピードマスター (Ｊリサーチ出版),880,30
TOEFL ITP(R)テストリーディングスピードマスター,"1,320",14
アメリカ留学公式ガイドブック［第2版］大学・大学院留学を成功に導く,"1,881",7
徹底攻略Cisco CCENT/CCNA Routing&Switching問題集 ICND1編［100-105J］［200-125J］V3.0対応 徹底攻略シリーズ,"2,722",16
シスコ技術者認定教科書 図解でスッキリ！ パッとわかるCCNAの授業,"2,299",6
実践IELTS英単語3500（音声DL付）,"1,265",102
ゼロからはじめるCCNA「超」基礎講座,"2,487",19
(スマホ問題集付)徹底攻略 Cisco CCNA Routing & Switching教科書ICND2編［200-105J］［200-125J］V3.0対応 徹底攻略シリーズ,"3,960",14
Jetson Nano 超入門,"2,696",63
本気で学ぶ Linux実践入門　サーバ運用のための業務レベル管理術,"2,950",37
